Country,1990,1991,1992,1993,1994,1995,1996,1997,1998,1999,2000,2001,2002,2003,2004,2005,2006,2007,2008,2009,2010,2011,2012,2013
Afghanistan,14.99333333,14.37075,14.05608333,14.43925,14.75475,14.85916667,14.426,14.904,15.1325,15.38875,15.49783333,15.77808333,15.53766667,14.916,15.77091667,14.98,15.59558333,15.10616667,15.2165,15.25775,15.82866667,15.518,14.48158333,16.533625
Albania,13.46866667,12.33883333,13.08466667,13.12258333,14.09966667,12.78208333,12.7365,12.90091667,13.31125,13.65375,13.74658333,13.69041667,13.55991667,13.62658333,13.25816667,12.74708333,12.97691667,13.8905,13.95516667,13.84425,13.77541667,13.44325,13.76825,14.993875
Algeria,24.01441667,23.01108333,22.767,23.45083333,23.64208333,23.7225,23.73433333,23.95516667,23.92058333,24.29941667,24.03225,24.72441667,24.263,24.39366667,23.916,24.22258333,24.20083333,24.06533333,23.95025,24.15433333,25.21566667,24.14416667,23.95483333,25.1215
Angola,22.46641667,22.09541667,22.49858333,22.291,22.18941667,22.93616667,22.47925,22.31716667,23.12016667,22.38208333,22.36066667,22.50291667,22.9255,23.06658333,22.57283333,22.96608333,21.94708333,22.42708333,22.28733333,22.3165,22.6815,22.02966667,22.12333333,22.507875
Antigua And Barbuda,26.93466667,26.89566667,26.89475,26.95616667,26.94608333,27.38033333,26.94233333,27.28933333,27.60175,27.13175,26.89208333,27.25383333,27.36175,27.51383333,27.15116667,27.59816667,27.46641667,27.50908333,26.96541667,27.27733333,27.73541667,27.29616667,27.4335,27.249625
Argentina,15.15508333,15.09758333,14.73916667,15.09866667,15.57866667,15.14983333,15.21158333,15.62066667,15.26175,15.06491667,14.7505,15.37041667,15.18375,15.51833333,15.44216667,15.11283333,15.56108333,14.62808333,15.476,15.53441667,15.07883333,15.33966667,15.689,14.457125
Armenia,9.258083333,9.372583333,7.614666667,7.769666667,9.02125,9.892166667,9.819166667,9.246333333,10.44841667,10.331,9.918166667,10.44341667,9.605,9.423083333,9.720166667,9.735416667,10.0535,9.53525,9.70675,9.842083333,11.5095,9.136,10.35075,11.34375
Aruba,28.24333333,28.34308333,28.49875,28.58916667,28.48225,28.73641667,28.47958333,28.76333333,28.9825,28.19791667,28.128,28.63091667,28.84925,28.84966667,28.506,28.77225,28.80466667,28.82283333,28.45025,28.832,28.96833333,28.51333333,28.65233333,28.54125
Australia,22.35575,22.48741667,21.93258333,22.16016667,22.03025,21.95516667,22.32533333,22.086,22.66483333,22.0645,21.70966667,21.79275,22.46083333,22.44033333,22.28691667,22.89683333,22.26441667,22.48675,22.22591667,22.69058333,22.07816667,21.767,22.0245,22.142875
Austria,7.344,6.357916667,7.615583333,6.858666667,8.164916667,6.8465,5.86325,7.025083333,7.22275,7.23425,8.084916667,7.188916667,7.91525,7.509333333,6.906083333,6.6095,7.277583333,7.9765,7.801916667,7.616,6.649083333,7.855583333,7.611333333,8.055125
Azerbaijan,11.992,11.956,10.72133333,10.52608333,11.47291667,12.73158333,12.20225,11.89441667,12.95875,12.85175,12.632,13.09725,12.43225,11.98475,12.6195,12.68725,12.71225,12.51483333,12.3655,12.61166667,13.96266667,11.80866667,13.08675,14.173875
"Bahamas, The",25.99233333,25.92675,25.4655,25.54983333,26.0245,25.76866667,25.38541667,26.19083333,26.2295,25.62266667,25.44916667,25.58066667,26.11625,26.18033333,25.84975,25.80166667,25.71575,26.03475,25.89975,25.76916667,25.22916667,26.00325,25.81641667,26.01166667
Bahrain,26.34458333,25.81191667,25.17766667,26.16591667,26.73375,26.25741667,26.8275,26.19091667,27.61241667,27.74241667,27.07075,27.431,27.26641667,27.37066667,27.15025,26.98316667,27.22125,27.21608333,27.03308333,27.31033333,28.06966667,27.10383333,27.52933333,27.925375
Bangladesh,25.28175,25.13516667,25.12225,25.00316667,25.26166667,25.41583333,25.44025,24.85925,25.52416667,25.71483333,25.15016667,25.337,25.38033333,25.28083333,25.38633333,25.532,25.76566667,25.34375,25.3895,25.90491667,25.94033333,25.20508333,25.53358333,25.9675
Barbados,26.94316667,26.89316667,26.90466667,27.05683333,26.96008333,27.326,27.01825,27.23933333,27.62508333,27.14083333,26.90208333,27.22183333,27.26608333,27.44008333,27.22541667,27.67716667,27.50225,27.36641667,27.00383333,27.32033333,27.84466667,27.39525,27.34666667,27.251125
Belarus,7.757416667,6.895416667,7.132,6.013833333,6.735916667,7.02125,5.656583333,6.34375,6.528333333,7.71275,7.909833333,7.09225,7.701916667,6.724916667,6.905833333,6.968083333,6.992083333,7.928166667,8.13075,7.196416667,7.03725,7.5885,6.835166667,8.2665
Belgium,10.93533333,9.709166667,10.48925,9.925833333,10.99675,10.69675,8.893166667,10.47241667,10.36916667,10.93425,11.03425,10.54333333,11.03575,10.87025,10.45258333,10.72783333,11.09525,11.1455,10.50491667,10.6285,9.36175,11.30533333,10.35183333,10.060125
Belize,25.55033333,25.86333333,25.64791667,25.60308333,25.90891667,26.00475,25.4505,26.08825,26.22816667,25.36666667,25.285,25.52391667,25.78733333,25.86533333,25.74408333,25.919,25.7085,25.85875,25.52466667,25.90775,25.50233333,25.84275,25.73441667,26.21333333
Benin,27.79383333,27.38091667,27.23058333,27.59791667,27.33558333,27.61616667,27.70391667,27.542,28.08858333,27.68041667,27.63766667,27.67583333,27.8195,27.96458333,27.872,28.15333333,28.14433333,28.0705,27.69091667,28.15608333,28.32558333,28.06116667,27.75183333,28.160625
Bhutan,12.20558333,11.99466667,11.82683333,12.08775,12.29966667,12.42841667,12.37466667,11.57883333,12.58983333,12.81491667,11.99841667,12.42575,12.18033333,12.23258333,12.20808333,12.44591667,12.854,12.6995,12.45633333,13.11475,12.94725,12.40025,12.27975,13.331375
Bolivia,21.32608333,21.75408333,21.20591667,21.52491667,21.98475,21.73058333,21.05366667,21.61133333,21.46733333,21.03175,21.07716667,21.23408333,21.60575,21.26275,21.571,21.37175,21.47,21.12933333,21.189,21.37833333,21.44641667,21.55541667,21.60716667,20.640875
Bosnia And Herzegovina,11.56425,10.34725,11.44441667,10.95966667,12.07908333,10.7585,10.252,10.7885,11.10458333,11.37641667,12.14808333,11.38066667,11.85833333,11.49516667,10.99833333,10.30208333,11.07125,12.00175,12.05666667,11.86066667,11.27141667,11.73975,12.029,12.8795
Botswana,22.94483333,22.05966667,23.29083333,22.68075,22.37916667,23.21383333,22.19966667,22.33683333,23.07058333,22.978,21.87233333,22.3505,22.98566667,23.39516667,22.34608333,23.36883333,21.804,22.4005,22.31116667,22.13975,22.73016667,21.95508333,22.40008333,21.82575
Brazil,25.27491667,25.29216667,25.25133333,25.35491667,25.45466667,25.55441667,25.33783333,25.55941667,25.95875,25.28658333,25.1965,25.50441667,25.80033333,25.621,25.4965,25.806,25.517,25.668,25.41033333,25.60058333,25.81241667,25.42891667,25.71708333,25.348125
British Virgin Islands,26.82166667,26.77758333,26.77641667,26.9305,27.04075,27.22891667,26.74358333,27.11466667,27.45233333,26.99825,26.73058333,27.13316667,27.29783333,27.37658333,27.02925,27.42466667,27.37483333,27.47,26.924,27.2385,27.59366667,27.15925,27.36016667,27.31233333
Bulgaria,11.59766667,10.18066667,11.02175,10.71341667,12.20041667,10.80966667,10.4285,10.22533333,11.09891667,11.7885,11.90683333,11.62383333,11.68033333,10.953,11.24166667,10.78158333,11.11758333,12.314,11.98775,11.894,11.76633333,11.04783333,12.02758333,13.411875
Burkina Faso,28.80633333,28.45941667,28.132,28.62108333,28.03933333,28.46958333,28.73908333,28.56916667,28.99291667,28.45116667,28.59141667,28.73216667,28.97816667,28.8835,28.98916667,29.23833333,28.92025,28.98325,28.48958333,29.083,29.28875,29.06066667,28.63,29.3855
Myanmar,24.06258333,24.14375,23.637,23.85691667,24.14333333,24.25525,24.10833333,23.87058333,24.78125,24.38016667,23.93083333,24.32725,24.29241667,24.28808333,24.10825,24.58108333,24.43216667,24.15966667,24.17591667,24.70133333,24.85866667,24.10933333,24.73441667,25.252875
Burundi,20.40933333,20.23833333,20.56825,20.48333333,20.539,20.82433333,20.39575,20.78425,20.8135,20.314,20.59583333,20.51033333,20.74983333,20.93133333,20.96041667,21.44216667,21.06633333,20.58091667,20.56791667,20.76425,21.06875,20.54591667,20.75425,20.86275
Cambodia,27.25933333,27.20141667,27.0705,26.90825,27.12308333,27.08041667,26.83883333,27.21933333,27.95683333,26.83475,27.05716667,27.24583333,27.55541667,27.29941667,27.17941667,27.39,27.41391667,27.24183333,26.89708333,27.25275,27.87525,27.0035,27.80625,28.259625
Cameroon,24.88966667,24.73383333,24.29733333,24.66225,24.63166667,24.818,24.70075,24.81733333,25.32308333,24.65616667,24.613,24.65191667,24.95025,25.01233333,25.17083333,25.26783333,25.29341667,25.20983333,25.12108333,25.40733333,25.46475,24.87658333,24.877,25.307625
Canada,-5.021916667,-4.426666667,-4.928916667,-4.4015,-4.433666667,-4.314333333,-4.941166667,-4.2315,-2.553916667,-3.186333333,-4.025916667,-3.100083333,-4.362833333,-3.8595,-4.923083333,-3.30875,-2.460166667,-4.060916667,-4.29525,-4.135083333,-1.887916667,-3.557083333,-3.176833333,-1.640666667
Cabo Verde,24.74533333,24.63141667,24.68225,24.44966667,24.45883333,25.16733333,25.23066667,25.30616667,25.37366667,24.627,24.71591667,25.28558333,25.10466667,24.82566667,24.89291667,25.133,25.06841667,24.79366667,24.96975,24.59908333,25.83241667,25.30883333,25.1035,24.5305
Central African Republic,25.71591667,25.69983333,25.09208333,25.74875,25.68275,25.63183333,25.71725,26.04266667,26.20433333,25.46941667,25.61333333,25.71016667,25.81941667,26.01483333,26.14,26.33216667,26.20508333,26.06783333,25.96866667,26.51091667,26.32983333,25.63875,25.6395,26.210875
Chad,27.61925,27.5535,26.91966667,27.61241667,27.26108333,27.46183333,27.7835,27.79741667,27.89583333,27.77983333,27.44783333,27.63525,27.77283333,27.87808333,28.01741667,28.21125,28.048,27.86016667,27.7025,28.32425,28.6965,27.78483333,27.70116667,28.356
Chile,9.83125,9.725416667,9.73775,9.944583333,10.05433333,9.784916667,9.758,10.337,10.29241667,9.829583333,9.564083333,9.819666667,9.742416667,10.07841667,10.20583333,9.891833333,10.174,9.489916667,10.1625,9.994416667,9.712833333,10.03225,10.27258333,9.877375
China,7.636,7.097166667,6.858416667,6.919416667,7.496,7.211583333,6.962666667,7.367333333,8.051833333,7.84025,7.238083333,7.596416667,7.795666667,7.522,7.71275,7.4135,7.948,8.12675,7.566083333,7.8095,7.548416667,7.357083333,7.077083333,9.295
Colombia,25.21916667,25.34183333,25.53358333,25.20641667,25.16241667,25.49283333,25.14991667,25.58,25.87916667,24.87066667,25.03016667,25.41191667,25.57075,25.65533333,25.55391667,25.67083333,25.47658333,25.494,25.15391667,25.61833333,25.68766667,25.24691667,25.38133333,25.5795
Comoros,26.15325,26.19683333,26.21783333,26.17816667,26.4525,26.38508333,25.95333333,26.30516667,26.64725,26.28808333,25.9955,26.41425,26.65775,26.6005,26.39191667,26.68216667,26.46583333,26.60458333,26.18825,26.59325,26.78683333,26.454,26.38325,26.542875
"Congo, Rep.",24.7665,24.8215,24.54983333,24.67983333,24.84291667,25.09691667,24.668,25.0605,25.5405,24.8125,24.786,24.73291667,25.04766667,25.05675,25.12816667,25.26891667,25.28266667,25.22975,25.29241667,25.34925,25.55941667,24.77508333,24.8735,25.139375
"Congo, Dem. Rep.",24.207,24.06325,24.13258333,24.08616667,24.22525,24.46991667,24.19775,24.53566667,24.73733333,24.01275,24.20616667,24.25625,24.56275,24.56733333,24.54775,24.98208333,24.52691667,24.38508333,24.34133333,24.54166667,24.75891667,24.16316667,24.20633333,24.560375
Costa Rica,26.29025,26.28991667,26.36175,26.31933333,26.42583333,26.29283333,25.9625,26.80625,26.97408333,25.86441667,26.07216667,26.11433333,26.30675,26.5775,26.5285,26.40425,26.51491667,26.38291667,26.05608333,26.52291667,26.22675,26.11341667,26.282,26.45755556
Croatia,12.43441667,11.33325,12.54908333,11.93158333,13.11,11.88175,11.12575,11.82741667,12.10091667,12.3165,13.22641667,12.411,12.89891667,12.567,11.91941667,11.37625,12.24166667,13.0665,12.97708333,12.87508333,11.96083333,12.75516667,12.9735,13.589
Curacao,27.69191667,27.70175,27.90833333,27.99958333,27.92033333,28.22183333,27.95366667,28.07816667,28.40266667,27.68316667,27.56408333,28.01041667,28.24291667,28.26608333,27.89066667,28.20958333,28.26533333,28.28466667,27.9185,28.2525,28.4735,27.97975,28.053,28.1205
Cyprus,19.19441667,19.08275,18.04925,18.949,19.802,19.079,19.47558333,18.87625,19.96408333,20.07375,19.442,20.01175,19.72916667,19.73508333,19.59575,19.58708333,19.54016667,19.94533333,20.14475,20.15733333,20.952,19.68191667,20.012,20.349875
Czech Republic,8.962666667,7.772,9.103833333,8.142,9.452416667,8.41175,6.850083333,8.139333333,8.696,8.89725,9.659,8.378833333,9.203666667,8.871333333,8.445916667,8.327916667,8.865333333,9.601333333,9.41475,8.965666667,7.75225,9.172166667,8.927583333,9.281
Côte d'Ivoire,26.4985,26.33466667,26.17725,26.32283333,26.24825,26.4645,26.42333333,26.46083333,27.04066667,26.41458333,26.40233333,26.67333333,26.76966667,26.93933333,26.82858333,26.91491667,26.7915,26.94458333,26.75825,26.93433333,27.14658333,26.83725,26.55241667,27.061125
Denmark,-17.87033333,-17.82791667,-19.00041667,-18.71616667,-18.08541667,-17.69783333,-16.80566667,-17.45533333,-16.62091667,-17.69908333,-16.8245,-17.06775,-16.29108333,-15.74708333,-16.77058333,-15.643,-16.57433333,-16.53308333,-16.84333333,-16.78316667,-15.08575,-16.64141667,-16.26091667,-14.92725
Denmark,9.708833333,8.57775,9.38425,8.059083333,8.96725,8.623666667,7.234083333,8.894916667,8.563083333,9.283083333,9.582916667,8.62375,9.44325,8.998666667,9.02175,9.054416667,9.683833333,9.7635,9.730083333,9.130416667,7.295333333,9.252833333,8.58825,8.516375
Djibouti,29.303,29.28941667,28.999,28.74083333,29.06233333,29.25975,29.16525,29.26933333,29.7805,29.3715,29.86,29.47691667,29.53158333,29.75783333,29.54091667,29.80858333,29.77741667,29.78633333,29.33925,29.89675,29.837,29.84433333,29.92358333,30.74475
Dominica,26.62983333,26.54458333,26.619,26.64791667,26.6245,26.97433333,26.6325,26.95716667,27.268,26.81325,26.5715,26.90216667,26.93566667,27.08,26.82966667,27.31925,27.14858333,27.09441667,26.66466667,26.9505,27.48683333,26.98783333,27.11233333,26.922125
Dominican Republic,26.17116667,26.05341667,25.94133333,25.9165,26.28058333,26.35775,25.87075,26.69725,26.67633333,26.17283333,25.88041667,26.34066667,26.58125,26.62633333,26.35875,26.52116667,26.58566667,26.626,26.19925,26.42308333,26.45558333,26.25075,26.34008333,26.29033333
Ecuador,22.43475,22.5295,22.6115,22.42158333,22.21708333,22.57416667,22.0325,23.08291667,23.121,21.90216667,22.026,22.23608333,22.76366667,22.66833333,22.64791667,22.5295,22.60316667,22.35975,22.22425,22.67716667,22.63991667,22.33666667,22.44591667,22.264125
"Egypt, Arab Rep.",23.09141667,23.0885,22.55491667,23.39225,23.235,23.16916667,23.42633333,22.93966667,23.68241667,23.77933333,22.88141667,23.61633333,23.71625,23.49641667,23.51108333,23.52025,23.50566667,23.58433333,23.90791667,23.735,25.15191667,23.33141667,23.77091667,24.50525
El Salvador,25.5665,25.64075,25.78191667,25.66308333,25.91316667,25.73408333,25.35441667,26.03575,26.13108333,25.27958333,25.40716667,25.49291667,25.71041667,25.72408333,25.74258333,25.62283333,25.7585,25.47516667,25.24825,25.78758333,25.45866667,25.54966667,25.56033333,25.91077778
Equatorial Guinea,25.285,25.23508333,24.88916667,25.18933333,25.2865,25.61458333,25.23841667,25.32525,26.0035,25.323,25.22058333,25.20725,25.5265,25.62741667,25.59416667,25.62391667,25.78541667,25.77366667,25.76875,25.83283333,25.9025,25.54566667,25.53683333,25.5905
Estonia,6.698583333,6.258083333,6.401833333,5.14625,5.25225,6.165833333,4.5785,5.778333333,5.361416667,6.456833333,7.00875,5.973,6.211583333,5.662166667,5.940833333,6.001416667,6.531833333,6.830833333,7.267833333,6.061833333,5.043,6.865333333,5.486,6.96175
Ethiopia,23.37958333,23.41241667,23.2395,22.98875,23.20866667,23.3965,23.35858333,23.42383333,23.68941667,23.44683333,23.76258333,23.6615,23.82325,23.85716667,23.77866667,23.89691667,23.77808333,23.724,23.60258333,24.27358333,23.9275,24.07416667,23.97616667,24.6315
Fiji,25.4005,25.348,25.29633333,25.00716667,25.14875,25.716,25.86108333,25.32341667,25.86533333,25.68666667,25.83716667,25.75141667,25.71333333,25.44666667,25.50775,25.64341667,25.6315,26.05533333,25.73016667,25.22741667,25.9185,25.72283333,25.47825,25.941375
Finland,2.94325,2.32825,2.649583333,1.782916667,1.773916667,2.354083333,1.693083333,2.227583333,1.22675,2.3225,3.590666667,2.09525,2.230166667,2.499833333,2.61475,3.23025,2.892166667,3.092333333,3.200916667,2.43925,1.14375,3.541166667,1.90725,4.064125
France,14.03883333,13.1395,13.46291667,13.15016667,14.15616667,13.89975,13.01391667,14.096,13.72066667,13.90491667,13.96733333,13.6965,14.04816667,14.33791667,13.66408333,13.69425,14.14383333,13.89658333,13.5815,13.94166667,13.11541667,14.47958333,13.70716667,13.584625
France,11.80608333,10.72975,11.11191667,10.75266667,11.98975,11.57833333,10.52616667,11.8165,11.26175,11.61916667,11.73808333,11.36158333,11.7675,12.07691667,11.26633333,11.22908333,11.87125,11.57183333,11.20075,11.6075,10.53158333,12.27275,11.33175,11.19575
Gabon,24.57083333,24.56683333,24.24025,24.5445,24.64708333,24.93691667,24.46475,24.73041667,25.39483333,24.73683333,24.57241667,24.51358333,24.83391667,24.912,24.85325,24.96541667,25.15775,25.06358333,25.12791667,25.13466667,25.221,24.73091667,24.83166667,24.8385
"Gambia, The",28.13566667,28.04525,28.03433333,28.24066667,27.90408333,28.19008333,28.29875,28.35016667,28.82608333,27.7575,28.06375,28.48975,28.54791667,28.22858333,28.3725,28.605,28.17733333,28.36491667,28.34608333,27.959,28.80291667,28.2825,28.30166667,28.724375
Georgia,8.84425,8.857083333,7.390916667,7.397833333,8.718333333,9.427583333,9.117916667,8.550666667,9.85875,9.769166667,9.311166667,9.86175,9.206,8.804583333,9.218583333,9.4135,9.40375,9.525916667,9.308583333,9.552083333,11.10241667,8.52375,9.787333333,10.686625
Germany,9.6895,8.523083333,9.505833333,8.6335,9.847,9.0335,7.374416667,9.048666667,9.17175,9.62075,10.02041667,9.090416667,9.637333333,9.49425,9.053416667,9.128416667,9.706,9.9975,9.642166667,9.359166667,8.009,9.819583333,9.227166667,9.23525
Ghana,27.24475,26.96941667,26.83325,27.08891667,26.96608333,27.21225,27.13083333,27.07291667,27.6635,27.11991667,27.24591667,27.27875,27.40108333,27.5335,27.41583333,27.60116667,27.58158333,27.62766667,27.36783333,27.55758333,27.935,27.59975,27.2795,27.7175
Greece,15.49933333,14.41283333,14.78533333,15.04058333,16.04466667,15.10225,14.84675,14.76325,15.50608333,15.99216667,15.67333333,15.93158333,15.62233333,15.47258333,15.45566667,15.17533333,15.21266667,16.08325,16.05491667,15.95616667,16.37125,15.26133333,16.0395,17.1535
Grenada,27.20566667,27.14166667,27.15708333,27.34841667,27.251,27.63533333,27.28625,27.45233333,27.946,27.46391667,27.19091667,27.50716667,27.53116667,27.7165,27.47475,27.908,27.74366667,27.591,27.36366667,27.62675,28.10891667,27.66208333,27.63641667,27.612875
Guatemala,23.5995,23.87758333,23.79075,23.77633333,24.02166667,23.96066667,23.45008333,24.07683333,24.3065,23.41841667,23.42883333,23.58441667,23.83358333,23.99383333,23.79791667,23.94825,23.80825,23.8185,23.48208333,23.93991667,23.68758333,23.82083333,23.84816667,24.29133333
Guinea,26.01116667,26.05066667,25.78408333,26.02783333,25.75541667,25.94608333,26.10075,25.98566667,26.51966667,25.84191667,25.96916667,26.2885,26.51483333,26.40975,26.40416667,26.50725,26.12058333,26.31733333,26.28775,26.32566667,26.59725,26.343,26.06316667,26.68675
Guinea-Bissau,27.3635,27.35433333,27.2455,27.4525,27.18266667,27.37333333,27.493,27.436,27.97233333,27.14991667,27.28883333,27.66358333,27.79516667,27.46358333,27.63333333,27.959,27.35216667,27.51825,27.58366667,27.31041667,27.91891667,27.49108333,27.4815,27.90675
Guyana,26.56575,26.44175,26.50358333,26.31041667,26.43025,26.888,26.48758333,26.73616667,27.1385,26.42375,26.39358333,26.577,26.60808333,27.00366667,26.8715,27.06833333,26.82108333,26.70875,26.619,27.10158333,27.11608333,26.68341667,26.80016667,26.6875
Haiti,26.94291667,26.854,26.67183333,26.61958333,27.10525,27.10425,26.65608333,27.54583333,27.39541667,26.85016667,26.59858333,27.01375,27.24966667,27.33433333,27.17766667,27.18058333,27.22225,27.28825,26.92716667,27.14516667,27.00233333,26.94358333,27.04508333,27.03155556
Honduras,25.2095,25.3375,25.46158333,25.292,25.67583333,25.83216667,25.17933333,25.83966667,26.09925,25.21883333,25.15366667,25.15475,25.43258333,25.54875,25.46391667,25.62641667,25.58991667,25.38341667,25.10783333,25.51858333,25.24566667,25.47425,25.26058333,25.73233333
Hong Kong SAR,23.26058333,23.33475,22.63225,22.82825,23.23875,22.54891667,22.86683333,23.00175,23.73783333,23.3985,23.2015,23.36791667,23.59858333,23.417,23.24741667,23.05691667,23.536,23.57166667,22.90158333,23.35116667,23.14383333,22.76816667,23.217,23.690375
Hungary,10.92033333,9.680166667,10.99633333,10.12091667,11.54541667,10.30275,9.357,9.871916667,10.36183333,10.655,11.70033333,10.52375,11.43208333,10.59791667,10.3115,9.942583333,10.62908333,11.70725,11.53108333,11.38108333,10.34783333,10.877,11.29366667,12.3015
Iceland,1.77475,2.540083333,1.769083333,1.70325,1.584333333,1.06825,2.3195,2.223666667,1.60775,1.84225,2.10325,2.364916667,2.665833333,3.340833333,2.948416667,2.200333333,2.6825,2.561416667,2.312916667,2.464,2.676416667,2.315416667,2.463416667,2.92025
India,24.17816667,24.31175,24.22291667,24.40866667,24.29641667,24.42975,24.43691667,24.04733333,24.75541667,24.65983333,24.498,24.58191667,24.913,24.64991667,24.63458333,24.49541667,24.73208333,24.64991667,24.406,25.14666667,25.05083333,24.41558333,24.64083333,25.41325
Indonesia,26.23783333,26.07516667,26.17016667,26.13883333,26.08425,26.22966667,26.215,26.37191667,26.75475,26.1335,26.19025,26.32975,26.529,26.4455,26.43483333,26.45375,26.38175,26.29308333,26.06525,26.455,26.537,26.20225,26.32208333,26.467
"Iran, Islamic Rep.",18.42641667,18.02925,16.94975,17.74108333,18.386,18.40791667,18.20641667,18.30325,19.16991667,19.15791667,18.89208333,19.47383333,19.14241667,18.91516667,19.14991667,18.80666667,19.21191667,18.74041667,18.90491667,19.1095,20.09016667,18.91541667,18.95966667,20.541
Iraq,22.5415,22.28033333,20.68583333,21.90308333,22.64241667,22.431,23.01375,21.92116667,23.45541667,23.49333333,22.98883333,23.51708333,22.89558333,22.95941667,22.77891667,22.69608333,22.90433333,23.015,23.11816667,22.99808333,24.65033333,22.59325,23.42891667,24.2405
Ireland,10.31266667,9.825166667,9.789,9.641583333,9.884833333,10.51891667,9.591166667,10.6835,10.4595,10.45816667,10.13075,10.02308333,10.42066667,10.52241667,10.43908333,10.57575,10.65416667,10.84266667,10.15875,10.15725,9.258166667,10.34541667,10.03583333,9.97475
Israel,20.12983333,20.02191667,19.02866667,19.97541667,20.50033333,20.04333333,20.52808333,19.82316667,20.96641667,20.89216667,20.23041667,20.92975,20.72833333,20.614,20.4905,20.43775,20.40916667,20.70158333,20.93008333,20.83141667,22.31116667,20.33125,21.00608333,21.222375
Italy,13.71691667,12.8535,13.58175,13.40966667,14.28483333,13.23408333,13.007,13.83883333,13.66233333,13.763,14.1255,13.95425,13.934,14.29691667,13.55983333,13.02858333,13.78733333,14.07333333,13.88125,14.05291667,13.32491667,14.17316667,14.079,14.165
Jamaica,26.74025,26.68783333,26.72041667,26.523,26.911,26.89391667,26.47483333,27.19916667,27.23558333,26.53566667,26.46941667,26.70308333,27.00075,27.06583333,26.90383333,26.835,27.03416667,27.01391667,26.6215,26.86016667,26.52125,26.64058333,26.88508333,27.12533333
Japan,13.59058333,12.78316667,12.48425,12.05516667,13.22975,12.47541667,12.08283333,12.75241667,13.24475,13.08008333,12.83383333,12.45,12.83733333,12.507,13.43566667,12.55591667,12.75708333,13.19216667,12.87491667,12.93383333,13.21558333,12.73775,12.56566667,12.96475
Jordan,19.92158333,19.79175,18.60491667,19.67991667,20.26558333,19.84791667,20.422,19.48458333,20.77358333,20.62116667,20.04525,20.73083333,20.32283333,20.33141667,20.25525,20.13741667,20.17333333,20.43975,20.57275,20.4985,22.228,20.1145,20.82025,21.319125
Kazakhstan,6.55575,6.471,5.809666667,4.70225,5.5365,7.335333333,5.100833333,7.065333333,6.248916667,6.9755,6.761416667,6.813083333,7.301583333,6.131416667,7.393,6.998833333,6.869833333,7.155166667,7.028916667,6.382083333,6.71,5.69625,6.075416667,8.93725
Kenya,24.13241667,24.37158333,24.40891667,24.28158333,24.52491667,24.47533333,24.453,24.56475,24.591,24.57058333,24.71666667,24.45833333,24.66175,24.85833333,24.86708333,25.13366667,24.82008333,24.78875,24.64975,25.22808333,24.96125,24.96575,24.92541667,24.93525
Kuwait,25.75858333,25.34858333,24.30033333,25.36183333,25.84233333,25.49175,26.32791667,25.31583333,26.67075,26.83683333,26.37608333,26.65475,26.38675,26.49658333,26.15541667,25.98791667,26.31466667,26.33091667,26.26658333,26.45316667,27.63866667,26.0875,26.67558333,27.273375
Kyrgyz Republic,4.492416667,3.783333333,3.72075,3.116166667,3.75275,4.050166667,3.414583333,4.873916667,4.393166667,4.600333333,4.73075,4.781,4.709,4.042333333,5.02925,4.518083333,4.917333333,5.05325,4.577583333,4.349166667,4.59575,4.201583333,3.576916667,6.263125
Lao PDR,24.05733333,24.25958333,23.71183333,23.77033333,24.06091667,23.94583333,23.7015,24.11791667,24.86883333,23.93708333,23.83516667,24.15508333,24.22041667,24.33191667,23.86375,24.31775,24.4055,24.21075,23.63158333,24.3655,24.93416667,23.61066667,24.90766667,25.38525
Latvia,7.325666667,6.689916667,6.920083333,5.639916667,5.9385,6.566333333,4.967,6.232083333,5.99775,7.108916667,7.497083333,6.53925,6.917583333,6.27725,6.334083333,6.3745,6.970583333,7.278916667,7.681083333,6.559333333,5.711083333,7.24525,6.043333333,7.322375
Lebanon,18.18458333,18.11483333,16.92125,17.92625,18.66425,18.10483333,18.50016667,17.73158333,19.00166667,18.9815,18.37733333,19.06275,18.67708333,18.554,18.47425,18.39275,18.31433333,18.75516667,18.95716667,18.85225,20.26883333,18.26166667,18.98908333,19.17825
Lesotho,14.14725,14.353,14.89008333,14.63275,13.90275,14.246,13.65566667,13.95325,14.54233333,14.98216667,14.05391667,14.33341667,14.38733333,14.68483333,14.56291667,14.5765,13.9035,14.52533333,14.42775,14.25716667,14.90683333,14.02691667,14.3865,13.773625
Liberia,25.88158333,25.84491667,25.65591667,25.83258333,25.72091667,25.94875,25.99625,25.99066667,26.46,25.88966667,25.85975,26.1535,26.23608333,26.38691667,26.2835,26.29091667,26.18316667,26.28983333,26.29741667,26.494,26.53275,26.24066667,25.99558333,26.314
Libya,23.101,22.61816667,22.39783333,23.00275,22.81608333,22.9495,23.12325,23.0465,23.27633333,23.69358333,22.83508333,23.41316667,23.40941667,23.369,23.27841667,23.25666667,23.31508333,23.32583333,23.47433333,23.37983333,24.51591667,22.98833333,23.27066667,24.314
Lithuania,7.978416667,7.091583333,7.46825,6.24175,6.809416667,7.007333333,5.405583333,6.72675,6.653166667,7.67825,8.107666667,7.120416667,7.706083333,6.830333333,6.835333333,6.921,7.422,7.854,8.175333333,7.096083333,6.325833333,7.635,6.723583333,7.804
Luxembourg,10.59091667,9.453083333,10.22383333,9.65275,10.82216667,10.34266667,8.652583333,10.167,9.995416667,10.54233333,10.79275,10.20658333,10.714,10.70058333,9.983083333,10.30808333,10.73033333,10.76166667,10.12866667,10.32808333,9.134666667,11.032,10.10925,9.90025
"Macedonia, FYR",11.29775,9.984416667,10.84333333,10.91516667,12.03658333,10.57125,10.50691667,10.46016667,10.99758333,11.40683333,11.582,11.4705,11.28108333,11.20766667,11.05858333,10.55,10.75258333,11.90575,11.92408333,11.64383333,11.741,11.02383333,11.53791667,13.260125
Madagascar,23.12416667,23.327,23.34133333,23.45583333,23.44458333,23.47975,23.26291667,23.45291667,23.75341667,23.41925,23.32033333,23.58691667,23.6175,23.49525,23.453,23.62183333,23.66116667,23.64975,23.33225,23.61866667,23.84616667,23.77683333,23.32533333,22.9595
Malawi,22.28025,21.8895,22.39033333,21.94016667,21.98016667,22.30166667,21.96333333,22.03475,22.37791667,21.68925,21.71441667,21.99875,22.224,22.2335,21.86591667,22.81116667,22.10216667,22.09833333,21.8225,22.01483333,22.60066667,22.31325,21.88741667,21.269375
Malaysia,26.41891667,26.33208333,26.28658333,26.215,26.27716667,26.3345,26.23891667,26.55641667,27.055,26.24891667,26.37141667,26.50008333,26.7455,26.57675,26.576,26.64958333,26.57766667,26.49633333,26.25408333,26.642,26.80666667,26.44058333,26.62275,26.9735
Mali,29.32108333,28.85583333,28.56616667,28.9665,28.37625,28.904,29.25258333,29.13391667,29.49308333,28.79258333,29.15033333,29.31083333,29.4265,29.429,29.426,29.52625,29.03791667,29.20216667,28.94991667,29.44091667,30.12708333,29.43666667,28.60183333,29.942
Malta,19.56175,18.59008333,18.83208333,19.05125,19.83766667,19.07275,18.96241667,19.39666667,19.31108333,19.842,19.60916667,19.90966667,19.55183333,19.75658333,19.17116667,18.87508333,19.60133333,19.74991667,19.81816667,19.57925,19.66441667,19.3135,19.82916667,19.437375
Mauritania,28.53641667,28.03383333,27.955,27.85841667,27.91091667,28.26,28.5385,28.6,28.96991667,27.87291667,28.35558333,28.87841667,28.65025,28.55883333,28.62825,28.75225,28.4505,28.45191667,28.395,28.43133333,29.37291667,28.63291667,28.02683333,29.11
Mauritius,23.84066667,24.138,23.80908333,23.91108333,24.16583333,24.02341667,23.89116667,24.09741667,24.40591667,24.1075,24.00258333,24.4905,24.39575,24.51708333,24.25458333,24.15591667,24.31975,24.28433333,24.189,24.58483333,24.66908333,24.52233333,24.374,24.312375
Mexico,20.96083333,20.83966667,20.65033333,20.93883333,21.32575,21.37066667,21.13216667,20.89858333,21.53175,21.1285,21.23208333,21.133,21.225,21.32941667,20.92483333,21.4135,21.41808333,21.07933333,21.08525,21.54608333,20.85291667,21.59933333,21.65241667,22.21922222
Moldova,10.87558333,9.18325,9.753333333,8.870166667,10.66416667,9.477916667,8.573333333,8.690666667,9.532,10.62916667,10.69,10.00083333,10.54108333,9.428416667,9.901833333,9.842666667,9.591833333,11.35891667,10.74441667,10.73191667,10.22566667,9.8705,10.58758333,11.9605
Mongolia,0.66225,0.124833333,0.261666667,-0.212583333,0.6935,0.7485,-0.082666667,1.2595,1.596916667,1.099166667,0.175,0.750333333,1.095916667,0.046416667,1.090666667,-0.139833333,0.951916667,2.075583333,1.115583333,0.5645,-0.318666667,-0.092,-0.59625,2.80775
Montenegro,11.24258333,10.06966667,10.94225,10.78333333,11.7725,10.38358333,10.32358333,10.57216667,10.93083333,11.24866667,11.56133333,11.23525,11.41716667,11.27825,10.82125,10.12575,10.56083333,11.59508333,11.62766667,11.46266667,11.24441667,11.23466667,11.53183333,12.870375
Morocco,18.69766667,17.61725,17.68575,17.50266667,18.46041667,18.78883333,18.24833333,18.79925,18.71266667,18.36833333,18.56508333,19.23391667,18.71258333,18.856,18.486,18.58075,18.79316667,18.41966667,18.38216667,19.01075,19.435,18.87883333,18.66875,19.30525
Mozambique,24.20066667,24.13275,24.743,24.2475,24.04225,24.4765,24.09016667,24.15225,24.62341667,24.0815,23.92025,24.25091667,24.42816667,24.42325,24.07258333,24.83375,24.30341667,24.22441667,24.0305,24.08133333,24.60575,24.30216667,24.00958333,23.488
Namibia,21.33683333,20.78075,21.33683333,21.24833333,20.95108333,21.60025,20.82866667,20.81816667,21.67666667,21.46591667,21.01766667,21.23716667,21.54758333,22.04083333,21.64383333,21.47391667,20.38183333,21.18058333,21.02108333,20.97625,21.39225,20.35041667,20.795,21.265875
Nepal,15.27233333,15.135,15.07558333,15.27625,15.45825,15.45333333,15.45983333,14.69191667,15.57775,15.94458333,15.27933333,15.59025,15.64866667,15.47025,15.55183333,15.61616667,16.056,15.65708333,15.40908333,16.077,16.114,15.28066667,15.41983333,15.95125
Netherlands,11.00033333,9.75125,10.75216667,9.8475,10.842,10.59466667,8.739333333,10.40941667,10.51858333,11.08616667,11.1035,10.579,11.0155,10.69983333,10.6275,10.82366667,11.29133333,11.38841667,10.79458333,10.70716667,9.264583333,11.076,10.43816667,9.8565
Netherlands,10.62991667,9.353666667,10.37308333,9.446583333,10.4645,10.20491667,8.31425,10.01858333,10.12225,10.71825,10.73875,10.19266667,10.63441667,10.31091667,10.24541667,10.43833333,10.91575,11.01441667,10.41541667,10.31841667,8.838416667,10.70125,10.04691667,9.4525
New Caledonia,23.41291667,22.85541667,22.95016667,22.781,22.67166667,23.70741667,23.6115,23.18333333,24.29891667,23.54941667,23.28308333,23.49875,23.46908333,23.26175,23.36766667,23.3605,23.19416667,23.74325,23.66333333,23.27416667,23.8685,23.53058333,23.21341667,23.382375
New Zealand,11.26933333,10.53433333,9.936166667,10.23825,10.54225,10.82108333,10.7435,10.542,11.633,11.61225,11.11558333,11.19108333,10.99758333,10.93025,10.47541667,11.37541667,10.70383333,11.08516667,11.17166667,10.65358333,11.33575,11.16325,10.65691667,11.0885
Nicaragua,26.55475,26.61025,26.73125,26.61125,26.86691667,26.92175,26.40975,27.02683333,27.39625,26.46,26.38133333,26.41,26.66491667,26.93225,26.77858333,26.8385,26.93608333,26.82308333,26.3885,26.78166667,26.61891667,26.614,26.53191667,26.87155556
Niger,28.04808333,27.85916667,27.18508333,27.75333333,27.40058333,27.89541667,28.128,28.131,28.32766667,28.26875,27.97583333,28.118,28.14966667,28.30225,28.37158333,28.63641667,28.29108333,28.41191667,27.90141667,28.85041667,29.29991667,28.48741667,28.07275,29.231375
Nigeria,27.36616667,27.04333333,26.66366667,27.10333333,26.81883333,27.16516667,27.19466667,27.14491667,27.61191667,27.32916667,27.0335,27.09466667,27.46425,27.429,27.5695,27.72458333,27.79508333,27.69008333,27.32566667,27.90291667,28.00425,27.62225,27.40791667,28.005875
Norway,2.0665,1.1335,1.296166667,0.419,0.4645,0.506,0.255666667,1.04375,0.465416667,1.27975,1.796916667,0.7025,1.37075,1.283333333,1.524916667,1.807333333,2.256666667,1.751583333,1.6425,1.3855,-0.2155,2.118916667,1.141666667,1.735375
Oman,27.4445,27.01083333,26.73891667,27.36858333,27.75608333,27.3235,27.17358333,27.3465,28.18675,28.11283333,27.92241667,28.08333333,27.99416667,28.269,28.12516667,28.07375,28.04483333,28.363,27.75191667,28.3425,28.45866667,28.15066667,28.21158333,28.194375
Pakistan,21.37641667,20.90133333,20.7085,21.44483333,21.16308333,21.07391667,20.93383333,20.73875,21.66275,21.863,21.8225,21.93041667,22.0255,21.43208333,22.14308333,21.27241667,21.63691667,21.69091667,21.53516667,21.91141667,22.08791667,21.76825,21.198,22.320875
Panama,26.92533333,27.06808333,27.1085,26.937,27.006,26.95808333,26.66833333,27.41291667,27.54741667,26.42525,26.71183333,26.66583333,27.207,27.24841667,27.10591667,27.085,27.13175,27.05941667,26.80066667,27.26975,27.02916667,26.70925,27.0825,27.2175
Papua New Guinea,24.93675,24.72616667,24.83108333,24.67375,24.69483333,24.984,25.04233333,24.7675,25.41975,24.91983333,24.942,25.05466667,25.09633333,25.06683333,24.90891667,25.03375,24.739,24.88266667,24.77591667,24.78316667,25.342,24.82983333,24.84358333,25.069125
Paraguay,23.59941667,24.11566667,23.09075,23.73425,24.47091667,23.96375,23.41483333,24.40741667,23.41725,23.69758333,23.62608333,24.28825,24.759,24.26383333,23.8045,23.82008333,24.37658333,23.72666667,23.81833333,24.18858333,23.61541667,23.9915,24.46575,22.81775
Peru,20.23308333,20.50425,20.83658333,20.5025,20.53058333,20.686,20.115,20.93658333,21.18183333,20.06775,20.23191667,20.22575,20.536,20.48558333,20.44308333,20.45058333,20.541,20.19166667,20.22641667,20.52308333,20.5845,20.28408333,20.46,19.97625
Philippines,26.93233333,26.79341667,26.9015,26.84633333,26.83133333,26.82641667,26.88791667,26.97633333,27.77941667,26.92575,27.00975,27.10425,27.08316667,27.01483333,27.08983333,27.14433333,27.17808333,27.162,26.87575,27.00875,27.3565,26.78591667,27.14891667,27.41675
Poland,9.231666667,7.944666667,8.8135,7.831083333,8.921,8.26225,6.7685,7.980666667,8.315166667,9.035,9.622166667,8.333833333,9.171166667,8.385083333,8.3905,8.4185,8.799916667,9.418083333,9.469166667,8.652916667,7.621416667,8.951666667,8.53775,9.257875
Portugal,15.74275,15.23283333,15.11133333,14.52016667,15.31283333,16.34741667,15.29633333,16.26758333,15.645,15.27908333,15.393,15.40775,15.46316667,15.81583333,15.46383333,15.53691667,16.00258333,15.24108333,15.27,15.9835,15.68425,16.06641667,15.39216667,15.88925
Qatar,27.32033333,26.71975,26.14741667,27.04975,27.52958333,27.10308333,27.60808333,27.15791667,28.42483333,28.567,27.993,28.30566667,28.1855,28.32508333,28.14041667,28.01308333,28.07141667,28.17041667,27.86533333,28.1225,28.88958333,28.1615,28.4845,28.57375
Romania,10.226,8.728166667,9.562583333,8.862916667,10.609,9.13875,8.649416667,8.523666667,9.178416667,10.091,10.47225,9.638583333,10.39266667,9.340166667,9.558166667,9.123166667,9.469,10.86833333,10.461,10.47066667,9.851666667,9.569,10.30108333,11.6455
Russian Federation,-4.022916667,-4.237,-4.90325,-4.62175,-4.898416667,-3.130166667,-4.810333333,-4.2965,-5.281083333,-4.82975,-4.545666667,-4.490666667,-4.122916667,-3.832833333,-4.493583333,-3.498083333,-4.763,-2.975083333,-3.305416667,-4.6085,-4.520583333,-3.401583333,-3.90175,-2.263125
Rwanda,19.54583333,19.38075,19.692,19.6935,19.71241667,19.9635,19.47741667,19.95575,19.95183333,19.50883333,19.75308333,19.66125,19.94725,20.09433333,20.08491667,20.43258333,20.16283333,19.76325,19.7305,20.02266667,20.26708333,19.77375,19.95941667,20.103875
St. Kitts and Nevis,26.34891667,26.29391667,26.31558333,26.39783333,26.40341667,26.79333333,26.32533333,26.67508333,26.99633333,26.52133333,26.2735,26.66525,26.77991667,26.91508333,26.52733333,26.99491667,26.87441667,26.96466667,26.39225,26.71658333,27.16408333,26.67125,26.85516667,26.66575
St. Lucia,27.14275,27.08716667,27.103,27.24741667,27.14025,27.49275,27.17508333,27.44208333,27.812,27.32858333,27.07841667,27.42125,27.46283333,27.60766667,27.37791667,27.85866667,27.69216667,27.58325,27.20866667,27.495,28.00591667,27.54016667,27.57891667,27.4655
St. Vincent and the Grenadines,27.28333333,27.22008333,27.24325,27.38783333,27.281,27.63691667,27.30308333,27.56741667,27.96516667,27.4775,27.21791667,27.56608333,27.60158333,27.744,27.49858333,27.98191667,27.8205,27.7165,27.3815,27.64275,28.13208333,27.66458333,27.73658333,27.636375
Samoa,26.85858333,26.84908333,26.75916667,26.52291667,26.74891667,27.03733333,26.84583333,26.70691667,27.12191667,26.78033333,26.83833333,26.95383333,27.23666667,27.02266667,27.05775,27.12433333,26.835,27.14925,26.67116667,26.72833333,27.16166667,26.71558333,26.92666667,27.1765
São Tomé and Principe,26.13658333,26.09616667,25.78991667,26.10125,26.14283333,26.43841667,26.06975,26.14016667,26.83258333,26.28341667,26.189,26.05633333,26.39575,26.56733333,26.48458333,26.40958333,26.70016667,26.70941667,26.595,26.956,26.7665,26.48416667,26.39308333,26.5325
Saudi Arabia,26.01875,25.77625,24.77125,25.741,26.29758333,25.98916667,26.433,25.86766667,26.85375,26.94058333,26.64291667,26.76966667,26.62733333,26.81666667,26.519,26.4955,26.55858333,26.68258333,26.47775,26.82775,27.53008333,26.63525,26.98891667,27.74075
Senegal,28.508,28.49033333,28.45983333,28.6465,28.24108333,28.55691667,28.77566667,28.82133333,29.25425,28.12733333,28.52608333,28.93633333,28.97816667,28.70416667,28.85208333,28.95508333,28.63075,28.81683333,28.79608333,28.47375,29.30233333,28.77491667,28.63558333,29.3015
Serbia,11.19608333,9.747083333,10.97558333,10.41441667,11.68225,10.27616667,9.824916667,9.984,10.56833333,10.91725,11.791,10.91316667,11.41341667,10.7955,10.6165,9.922583333,10.57416667,11.74591667,11.66633333,11.41216667,10.9925,10.823,11.45175,12.843625
Seychelles,27.22008333,27.32966667,26.95316667,26.96458333,27.30183333,27.29775,26.91175,27.36791667,27.65441667,27.13683333,27.17925,27.46783333,27.53108333,27.68541667,27.25775,27.46841667,27.47016667,27.71258333,27.37683333,27.74125,27.74483333,27.73166667,27.77258333,27.451625
Sierra Leone,26.55141667,26.62158333,26.39716667,26.60883333,26.35825,26.57816667,26.7045,26.6695,27.07575,26.5215,26.54683333,26.82675,26.99266667,26.99241667,26.97891667,27.02858333,26.71775,26.83741667,26.97875,26.985,27.17716667,26.92625,26.67641667,26.948
Singapore,27.13,26.99408333,26.99741667,26.92883333,27.08775,27.0725,27.04333333,27.38891667,27.77591667,27.01675,27.0965,27.18933333,27.40608333,27.31183333,27.32866667,27.49358333,27.32841667,27.13,27.06766667,27.47333333,27.6035,27.28216667,27.30358333,27.602875
Slovak Republic,8.71675,7.639166667,8.727166667,7.982166667,9.297583333,8.153,7.126166667,7.773083333,8.333583333,8.675583333,9.482,8.30775,9.136416667,8.487083333,8.145583333,7.936916667,8.528333333,9.478916667,9.397416667,9.001666667,8.073,8.846,8.873166667,9.685625
Slovenia,10.72633333,9.758,10.92533333,10.35,11.502,10.28958333,9.445,10.38291667,10.59733333,10.68691667,11.59058333,10.89466667,11.33725,11.00966667,10.24125,9.795083333,10.72341667,11.46258333,11.24791667,11.23741667,10.194,11.20808333,11.27825,11.74475
South Africa,17.72833333,17.752,18.25616667,18.20275,17.61475,17.87075,17.25866667,17.61525,18.09533333,18.5455,17.58558333,17.86791667,17.94941667,18.26166667,18.08283333,18.21791667,17.5975,17.98625,17.95608333,17.886,18.30266667,17.55241667,17.84691667,17.325375
"Korea, Rep.",13.2295,12.40791667,12.60375,11.97191667,13.48041667,12.32725,12.165,12.81883333,13.64925,13.03341667,12.57533333,12.84258333,12.81716667,12.64658333,13.36508333,12.35666667,12.90333333,13.29291667,13.02791667,12.94933333,12.63975,12.3635,12.39166667,13.7605
Spain,14.76208333,14.00716667,13.95525,13.50066667,14.651,15.07216667,14.15125,15.10591667,14.552,14.3665,14.46875,14.61608333,14.64791667,14.99691667,14.39641667,14.30358333,15.10591667,14.24133333,14.2295,14.96808333,14.246,15.32108333,14.58,14.858875
Sri Lanka,27.52875,27.56,27.26983333,27.36741667,27.36525,27.5875,27.39958333,27.65766667,28.15325,27.36125,27.46975,27.66308333,27.79591667,27.79741667,27.60633333,27.72383333,27.572,27.5565,27.44116667,27.74541667,27.8835,27.66916667,27.94983333,28.175125
Sudan,27.64408333,27.51525,26.87966667,27.68025,27.25733333,27.49883333,27.75066667,27.694,27.803,27.7195,27.45658333,27.72583333,27.90541667,27.85375,27.89333333,28.03283333,27.72941667,27.6475,27.8415,28.34791667,28.64766667,27.80758333,27.8685,28.572
Suriname,26.67708333,26.67641667,26.80558333,26.58958333,26.56608333,27.04533333,26.82158333,27.04716667,27.40016667,26.7225,26.58608333,26.80408333,26.90391667,27.19558333,27.15033333,27.48391667,27.04566667,26.90858333,26.9195,27.23308333,27.41258333,27.0605,27.18941667,26.95725
Swaziland,19.2115,19.41241667,20.26983333,19.725,18.97041667,19.53933333,19.111,19.1525,19.86541667,19.78883333,19.0235,19.546,19.59616667,19.99716667,19.46991667,19.97575,19.26683333,19.615,19.42066667,19.293,19.75633333,19.359,19.57175,18.95825
Sweden,4.497916667,3.459,3.87225,2.945,2.879916667,3.066,2.39175,3.730583333,2.872916667,3.543916667,4.421,3.139666667,3.795333333,3.733,3.64775,4.000166667,4.354166667,4.080583333,4.218,3.502416667,1.6585,4.51875,2.972833333,4.19975
Switzerland,8.255583333,7.405,8.059666667,7.617333333,8.821083333,7.751916667,6.974583333,8.212416667,7.958,7.902833333,8.562666667,7.97975,8.484833333,8.66975,7.846083333,7.573916667,8.33775,8.55275,8.109666667,8.300666667,7.2265,8.847333333,8.15925,8.1775
Syrian Arab Republic,18.54316667,18.4795,17.02858333,18.04566667,19.05183333,18.48225,18.90341667,17.93366667,19.41533333,19.281,18.77333333,19.39625,18.85658333,18.83933333,18.77325,18.74191667,18.744,19.0415,19.16116667,19.07008333,20.70933333,18.607,19.35758333,20.021125
Tajikistan,5.199333333,4.489333333,4.4305,4.142666667,4.72025,4.808666667,4.275333333,5.452416667,5.116416667,5.425,5.392583333,5.718166667,5.29125,4.890166667,5.838083333,5.1845,5.531333333,5.441166667,5.174666667,5.096916667,5.564083333,5.351583333,4.337583333,6.562625
Tanzania,22.71433333,22.69116667,22.803,22.69,22.86241667,23.00641667,22.75666667,22.94875,23.05816667,22.64816667,22.79158333,22.7475,23.00175,23.28108333,23.04625,23.72341667,23.04541667,22.9255,22.70641667,23.15,23.26766667,23.06941667,23.06866667,22.77275
Thailand,26.59066667,26.65333333,26.29116667,26.29708333,26.477,26.52991667,26.1855,26.63516667,27.37966667,26.22225,26.30216667,26.67983333,26.78608333,26.649,26.5,26.83316667,26.74483333,26.63691667,26.222,26.64808333,27.38966667,26.25166667,27.289,27.864875
Togo,27.51683333,27.05683333,26.9755,27.23675,27.08166667,27.31133333,27.30583333,27.22541667,27.80558333,27.28033333,27.44241667,27.4105,27.49725,27.66675,27.53491667,27.76666667,27.7685,27.86383333,27.46491667,27.71033333,28.05941667,27.772,27.41991667,27.718
Tonga,23.63975,23.58791667,23.57616667,23.19233333,23.22775,23.89008333,23.99366667,23.38641667,24.13383333,23.8695,24.02866667,23.99508333,23.89316667,23.9195,23.89158333,23.79208333,23.816,24.17858333,23.84858333,23.13691667,24.11441667,24.23666667,23.84166667,24.285875
Trinidad And Tobago,26.6615,26.529,26.49866667,26.73708333,26.6075,27.00791667,26.57341667,26.68125,27.32641667,26.86766667,26.62708333,26.9485,26.85425,27.12608333,26.80091667,27.20325,27.06983333,26.898,26.82666667,27.04025,27.54633333,27.01766667,27.02775,27.086625
Tunisia,20.929,19.92475,20.03316667,20.56766667,21.266,20.68316667,20.5275,21.084,20.76133333,21.65691667,21.1405,21.70125,21.32841667,21.47758333,20.94508333,20.84575,21.31,21.15466667,21.20458333,21.0925,21.60975,20.99491667,21.47916667,21.887125
Turkey,12.0325,11.75108333,10.51666667,11.27741667,12.74483333,12.18883333,12.40591667,11.568,12.88316667,13.08725,12.20191667,13.28325,12.339,12.33133333,12.31016667,12.43291667,12.45008333,12.81533333,12.65783333,12.81483333,14.28166667,11.9145,12.85441667,14.026625
Uganda,23.26708333,23.176,23.29541667,23.39091667,23.41558333,23.57158333,23.3005,23.81366667,23.74425,23.28408333,23.56091667,23.40583333,23.8305,23.84383333,23.81191667,24.02983333,23.77008333,23.4905,23.49625,24.04716667,23.92233333,23.72675,23.80566667,24.024625
Ukraine,9.400833333,8.300166667,8.37975,7.458416667,8.80725,8.709083333,7.552583333,7.604583333,8.455583333,9.50725,9.316333333,8.938666667,9.377166667,8.219666667,8.8505,8.917333333,8.454666667,10.05541667,9.55975,9.4285,9.453,8.790833333,9.290666667,10.9135
United Arab Emirates,28.26008333,27.69708333,27.28408333,28.07041667,28.39741667,27.98633333,28.31925,28.12066667,29.29258333,29.29841667,28.87775,29.00958333,29.058,29.22833333,29.104,28.99291667,28.98408333,29.15608333,28.685,29.12766667,29.67133333,29.20541667,29.42583333,29.370625
United Kingdom,9.674583333,8.828333333,9.025,8.66975,9.15075,9.419583333,8.551166667,9.64425,9.46275,9.663333333,9.379666667,9.140083333,9.679666667,9.742083333,9.737333333,9.65525,9.943416667,9.7975,9.34825,9.453333333,8.394333333,9.907916667,9.037416667,8.9975
United States,9.521583333,9.493666667,9.056333333,8.86725,9.270333333,9.331,8.754333333,9.172916667,10.14116667,9.567,9.64975,9.785583333,9.816166667,9.755083333,9.6675,9.892666667,9.9745,9.8375,8.951416667,9.137083333,9.505583333,9.549916667,10.26108333,11.29711111
Uruguay,17.70358333,17.97391667,17.52883333,17.64641667,18.13191667,17.66475,17.87416667,18.3655,17.5215,17.60775,17.75675,18.57425,17.99391667,17.60466667,18.06083333,18.19441667,18.24041667,17.51616667,18.2805,17.87133333,17.92008333,17.82458333,18.509,16.754375
Uzbekistan,13.46308333,13.03108333,12.86333333,11.956,12.63916667,13.97133333,12.45225,13.84725,13.245,13.9085,13.93883333,13.998,13.87191667,13.15766667,14.442,14.044,13.78625,13.92833333,13.309,13.70033333,14.32591667,13.14108333,13.14416667,16.18825
"Venezuela, RB",25.59475,25.5065,25.59333333,25.468,25.5065,25.92158333,25.5985,25.75266667,26.159,25.34483333,25.3885,25.77133333,25.77216667,26.00833333,25.81783333,26.01941667,25.84991667,25.85408333,25.64825,26.08491667,26.15025,25.67733333,25.68858333,25.912875
Vietnam,24.27408333,24.2765,23.85125,23.93566667,24.15941667,23.919,23.74966667,24.22266667,24.89983333,24.06641667,23.98191667,24.18491667,24.39375,24.49775,24.05691667,24.298,24.52308333,24.30216667,23.784,24.46558333,24.83333333,23.69258333,24.70433333,25.232125
British Virgin Islands,26.82166667,26.77758333,26.77641667,26.9305,27.04075,27.22891667,26.74358333,27.11466667,27.45233333,26.99825,26.73058333,27.13316667,27.29783333,27.37658333,27.02925,27.42466667,27.37483333,27.47,26.924,27.2385,27.59366667,27.15925,27.36016667,27.31233333
"Yemen, Rep.",26.64066667,26.59441667,26.2665,26.402,26.99425,26.57766667,26.54616667,26.94,27.36866667,27.35358333,27.43616667,27.06891667,27.12516667,27.35775,27.33408333,27.29466667,27.175,27.31075,26.8075,27.34241667,27.30275,27.28825,27.445,28.12975
Zambia,22.21933333,21.62891667,22.41466667,21.71158333,21.84658333,22.45141667,22.01808333,21.94975,22.30066667,21.45175,21.55875,21.80241667,22.29241667,22.15675,21.76808333,22.8135,21.78425,21.8385,21.53583333,21.67025,22.2675,21.77158333,21.69775,21.196
Zimbabwe,22.13025,21.78966667,22.84033333,21.85225,21.60875,22.49633333,21.55316667,21.56666667,22.14216667,21.48633333,21.149,21.69366667,22.08108333,21.89125,21.33091667,22.50991667,21.61875,21.60425,21.54558333,21.37725,21.98625,21.60241667,21.52133333,20.71075
